donor_uuid,acceptor_uuid,env,timezone,country,status
66621b41-e70b-47e7-ad7d-2d5e1f9c5e6b,d7210d47-3afb-479e-90d5-ddb05db92a5b,prod-na,America/Los_Angeles,US,Simulation Done
66621b41-e70b-47e7-ad7d-2d5e1f9c5e6b,9feff5d5-f17a-4662-baf6-6314c6526a6a,prod-na,America/Los_Angeles,US,Simulation Done
66621b41-e70b-47e7-ad7d-2d5e1f9c5e6b,b2ba1d89-7a3a-4f31-aa14-c82639ad4466,prod-na,America/New_York,US,Simulation Done
66621b41-e70b-47e7-ad7d-2d5e1f9c5e6b,6e2ead32-ce9e-4ce4-a1c8-13436b5015ee,prod-na,America/Los_Angeles,US,Simulation Done
66621b41-e70b-47e7-ad7d-2d5e1f9c5e6b,10ba21a7-af98-47c9-a6eb-99e10d39dec8,ds,America/New_York,US,Simulation Done
a68fecc8-6a19-486f-a1fa-d08b68c85960,d7210d47-3afb-479e-90d5-ddb05db92a5b,prod-na,America/Los_Angeles,US,Simulation Done
a68fecc8-6a19-486f-a1fa-d08b68c85960,9feff5d5-f17a-4662-baf6-6314c6526a6a,prod-na,America/Los_Angeles,US,Simulation Done
a68fecc8-6a19-486f-a1fa-d08b68c85960,b2ba1d89-7a3a-4f31-aa14-c82639ad4466,prod-na,America/New_York,US,Simulation Done
a68fecc8-6a19-486f-a1fa-d08b68c85960,6e2ead32-ce9e-4ce4-a1c8-13436b5015ee,prod-na,America/Los_Angeles,US,Simulation Done
a68fecc8-6a19-486f-a1fa-d08b68c85960,10ba21a7-af98-47c9-a6eb-99e10d39dec8,ds,America/New_York,US,Simulation Done
bf12a659-f18e-4b28-9b28-4ae20cdc8334,d7210d47-3afb-479e-90d5-ddb05db92a5b,prod-na,America/Los_Angeles,US,Simulation Done
bf12a659-f18e-4b28-9b28-4ae20cdc8334,9feff5d5-f17a-4662-baf6-6314c6526a6a,prod-na,America/Los_Angeles,US,Simulation Done
bf12a659-f18e-4b28-9b28-4ae20cdc8334,b2ba1d89-7a3a-4f31-aa14-c82639ad4466,prod-na,America/New_York,US,Simulation Done
bf12a659-f18e-4b28-9b28-4ae20cdc8334,6e2ead32-ce9e-4ce4-a1c8-13436b5015ee,prod-na,America/Los_Angeles,US,Simulation Done
bf12a659-f18e-4b28-9b28-4ae20cdc8334,10ba21a7-af98-47c9-a6eb-99e10d39dec8,ds,America/New_York,US,Simulation Done
cccde865-f5c2-43f0-b92e-1741c6cbca9e,d7210d47-3afb-479e-90d5-ddb05db92a5b,prod-na,America/Los_Angeles,US,No Simulation
cccde865-f5c2-43f0-b92e-1741c6cbca9e,9feff5d5-f17a-4662-baf6-6314c6526a6a,prod-na,America/Los_Angeles,US,No Simulation
cccde865-f5c2-43f0-b92e-1741c6cbca9e,b2ba1d89-7a3a-4f31-aa14-c82639ad4466,prod-na,America/New_York,US,Simulation Done
cccde865-f5c2-43f0-b92e-1741c6cbca9e,6e2ead32-ce9e-4ce4-a1c8-13436b5015ee,prod-na,America/Los_Angeles,US,No Simulation
cccde865-f5c2-43f0-b92e-1741c6cbca9e,10ba21a7-af98-47c9-a6eb-99e10d39dec8,ds,America/New_York,US,No Simulation
d4904639-69f6-4ce4-a3aa-1a9c2b9d7918,d7210d47-3afb-479e-90d5-ddb05db92a5b,prod-na,America/Los_Angeles,US,No Simulation
d4904639-69f6-4ce4-a3aa-1a9c2b9d7918,9feff5d5-f17a-4662-baf6-6314c6526a6a,prod-na,America/Los_Angeles,US,No Simulation
d4904639-69f6-4ce4-a3aa-1a9c2b9d7918,b2ba1d89-7a3a-4f31-aa14-c82639ad4466,prod-na,America/New_York,US,No Simulation
d4904639-69f6-4ce4-a3aa-1a9c2b9d7918,6e2ead32-ce9e-4ce4-a1c8-13436b5015ee,prod-na,America/Los_Angeles,US,No Simulation
d4904639-69f6-4ce4-a3aa-1a9c2b9d7918,10ba21a7-af98-47c9-a6eb-99e10d39dec8,ds,America/New_York,US,No Simulation66621b41-e70b-47e7-ad7d-2d5e1f9c5e6b,d7210d47-3afb-479e-90d5-ddb05db92a5b,prod-na,America/Los_Angeles,US,Simulation Done
66621b41-e70b-47e7-ad7d-2d5e1f9c5e6b,9feff5d5-f17a-4662-baf6-6314c6526a6a,prod-na,America/Los_Angeles,US,Simulation Done
66621b41-e70b-47e7-ad7d-2d5e1f9c5e6b,b2ba1d89-7a3a-4f31-aa14-c82639ad4466,prod-na,America/New_York,US,Simulation Done
66621b41-e70b-47e7-ad7d-2d5e1f9c5e6b,6e2ead32-ce9e-4ce4-a1c8-13436b5015ee,prod-na,America/Los_Angeles,US,Simulation Done
66621b41-e70b-47e7-ad7d-2d5e1f9c5e6b,10ba21a7-af98-47c9-a6eb-99e10d39dec8,ds,America/New_York,US,Simulation Done
a68fecc8-6a19-486f-a1fa-d08b68c85960,d7210d47-3afb-479e-90d5-ddb05db92a5b,prod-na,America/Los_Angeles,US,Simulation Done
a68fecc8-6a19-486f-a1fa-d08b68c85960,9feff5d5-f17a-4662-baf6-6314c6526a6a,prod-na,America/Los_Angeles,US,Simulation Done
a68fecc8-6a19-486f-a1fa-d08b68c85960,b2ba1d89-7a3a-4f31-aa14-c82639ad4466,prod-na,America/New_York,US,Simulation Done
a68fecc8-6a19-486f-a1fa-d08b68c85960,6e2ead32-ce9e-4ce4-a1c8-13436b5015ee,prod-na,America/Los_Angeles,US,Simulation Done
a68fecc8-6a19-486f-a1fa-d08b68c85960,10ba21a7-af98-47c9-a6eb-99e10d39dec8,ds,America/New_York,US,Simulation Done
bf12a659-f18e-4b28-9b28-4ae20cdc8334,d7210d47-3afb-479e-90d5-ddb05db92a5b,prod-na,America/Los_Angeles,US,Simulation Done
bf12a659-f18e-4b28-9b28-4ae20cdc8334,9feff5d5-f17a-4662-baf6-6314c6526a6a,prod-na,America/Los_Angeles,US,Simulation Done
bf12a659-f18e-4b28-9b28-4ae20cdc8334,b2ba1d89-7a3a-4f31-aa14-c82639ad4466,prod-na,America/New_York,US,Simulation Done
bf12a659-f18e-4b28-9b28-4ae20cdc8334,6e2ead32-ce9e-4ce4-a1c8-13436b5015ee,prod-na,America/Los_Angeles,US,Simulation Done
bf12a659-f18e-4b28-9b28-4ae20cdc8334,10ba21a7-af98-47c9-a6eb-99e10d39dec8,ds,America/New_York,US,Simulation Done
cccde865-f5c2-43f0-b92e-1741c6cbca9e,d7210d47-3afb-479e-90d5-ddb05db92a5b,prod-na,America/Los_Angeles,US,No Simulation
cccde865-f5c2-43f0-b92e-1741c6cbca9e,9feff5d5-f17a-4662-baf6-6314c6526a6a,prod-na,America/Los_Angeles,US,No Simulation
cccde865-f5c2-43f0-b92e-1741c6cbca9e,b2ba1d89-7a3a-4f31-aa14-c82639ad4466,prod-na,America/New_York,US,Simulation Done
cccde865-f5c2-43f0-b92e-1741c6cbca9e,6e2ead32-ce9e-4ce4-a1c8-13436b5015ee,prod-na,America/Los_Angeles,US,No Simulation
cccde865-f5c2-43f0-b92e-1741c6cbca9e,10ba21a7-af98-47c9-a6eb-99e10d39dec8,ds,America/New_York,US,No Simulation
d4904639-69f6-4ce4-a3aa-1a9c2b9d7918,d7210d47-3afb-479e-90d5-ddb05db92a5b,prod-na,America/Los_Angeles,US,No Simulation
d4904639-69f6-4ce4-a3aa-1a9c2b9d7918,9feff5d5-f17a-4662-baf6-6314c6526a6a,prod-na,America/Los_Angeles,US,No Simulation
d4904639-69f6-4ce4-a3aa-1a9c2b9d7918,b2ba1d89-7a3a-4f31-aa14-c82639ad4466,prod-na,America/New_York,US,No Simulation
d4904639-69f6-4ce4-a3aa-1a9c2b9d7918,6e2ead32-ce9e-4ce4-a1c8-13436b5015ee,prod-na,America/Los_Angeles,US,No Simulation
d4904639-69f6-4ce4-a3aa-1a9c2b9d7918,10ba21a7-af98-47c9-a6eb-99e10d39dec8,ds,America/New_York,US,No Simulation
66621b41-e70b-47e7-ad7d-2d5e1f9c5e6b,d7210d47-3afb-479e-90d5-ddb05db92a5b,prod-na,America/Los_Angeles,US,Simulation Done
66621b41-e70b-47e7-ad7d-2d5e1f9c5e6b,9feff5d5-f17a-4662-baf6-6314c6526a6a,prod-na,America/Los_Angeles,US,Simulation Done
66621b41-e70b-47e7-ad7d-2d5e1f9c5e6b,b2ba1d89-7a3a-4f31-aa14-c82639ad4466,prod-na,America/New_York,US,Simulation Done
66621b41-e70b-47e7-ad7d-2d5e1f9c5e6b,6e2ead32-ce9e-4ce4-a1c8-13436b5015ee,prod-na,America/Los_Angeles,US,Simulation Done
66621b41-e70b-47e7-ad7d-2d5e1f9c5e6b,10ba21a7-af98-47c9-a6eb-99e10d39dec8,ds,America/New_York,US,Simulation Done
a68fecc8-6a19-486f-a1fa-d08b68c85960,d7210d47-3afb-479e-90d5-ddb05db92a5b,prod-na,America/Los_Angeles,US,Simulation Done
a68fecc8-6a19-486f-a1fa-d08b68c85960,9feff5d5-f17a-4662-baf6-6314c6526a6a,prod-na,America/Los_Angeles,US,Simulation Done
a68fecc8-6a19-486f-a1fa-d08b68c85960,b2ba1d89-7a3a-4f31-aa14-c82639ad4466,prod-na,America/New_York,US,Simulation Done
a68fecc8-6a19-486f-a1fa-d08b68c85960,6e2ead32-ce9e-4ce4-a1c8-13436b5015ee,prod-na,America/Los_Angeles,US,Simulation Done
a68fecc8-6a19-486f-a1fa-d08b68c85960,10ba21a7-af98-47c9-a6eb-99e10d39dec8,ds,America/New_York,US,Simulation Done
bf12a659-f18e-4b28-9b28-4ae20cdc8334,d7210d47-3afb-479e-90d5-ddb05db92a5b,prod-na,America/Los_Angeles,US,Simulation Done
bf12a659-f18e-4b28-9b28-4ae20cdc8334,9feff5d5-f17a-4662-baf6-6314c6526a6a,prod-na,America/Los_Angeles,US,Simulation Done
bf12a659-f18e-4b28-9b28-4ae20cdc8334,b2ba1d89-7a3a-4f31-aa14-c82639ad4466,prod-na,America/New_York,US,Simulation Done
bf12a659-f18e-4b28-9b28-4ae20cdc8334,6e2ead32-ce9e-4ce4-a1c8-13436b5015ee,prod-na,America/Los_Angeles,US,Simulation Done
bf12a659-f18e-4b28-9b28-4ae20cdc8334,10ba21a7-af98-47c9-a6eb-99e10d39dec8,ds,America/New_York,US,Simulation Done
cccde865-f5c2-43f0-b92e-1741c6cbca9e,d7210d47-3afb-479e-90d5-ddb05db92a5b,prod-na,America/Los_Angeles,US,No Simulation
cccde865-f5c2-43f0-b92e-1741c6cbca9e,9feff5d5-f17a-4662-baf6-6314c6526a6a,prod-na,America/Los_Angeles,US,No Simulation
cccde865-f5c2-43f0-b92e-1741c6cbca9e,b2ba1d89-7a3a-4f31-aa14-c82639ad4466,prod-na,America/New_York,US,Simulation Done
cccde865-f5c2-43f0-b92e-1741c6cbca9e,6e2ead32-ce9e-4ce4-a1c8-13436b5015ee,prod-na,America/Los_Angeles,US,No Simulation
cccde865-f5c2-43f0-b92e-1741c6cbca9e,10ba21a7-af98-47c9-a6eb-99e10d39dec8,ds,America/New_York,US,No Simulation
d4904639-69f6-4ce4-a3aa-1a9c2b9d7918,d7210d47-3afb-479e-90d5-ddb05db92a5b,prod-na,America/Los_Angeles,US,No Simulation
d4904639-69f6-4ce4-a3aa-1a9c2b9d7918,9feff5d5-f17a-4662-baf6-6314c6526a6a,prod-na,America/Los_Angeles,US,No Simulation
d4904639-69f6-4ce4-a3aa-1a9c2b9d7918,b2ba1d89-7a3a-4f31-aa14-c82639ad4466,prod-na,America/New_York,US,No Simulation
d4904639-69f6-4ce4-a3aa-1a9c2b9d7918,6e2ead32-ce9e-4ce4-a1c8-13436b5015ee,prod-na,America/Los_Angeles,US,No Simulation
d4904639-69f6-4ce4-a3aa-1a9c2b9d7918,10ba21a7-af98-47c9-a6eb-99e10d39dec8,ds,America/New_York,US,No Simulation
66621b41-e70b-47e7-ad7d-2d5e1f9c5e6b,d7210d47-3afb-479e-90d5-ddb05db92a5b,prod-na,America/Los_Angeles,US,Simulation Done
66621b41-e70b-47e7-ad7d-2d5e1f9c5e6b,9feff5d5-f17a-4662-baf6-6314c6526a6a,prod-na,America/Los_Angeles,US,Simulation Done
a68fecc8-6a19-486f-a1fa-d08b68c85960,d7210d47-3afb-479e-90d5-ddb05db92a5b,prod-na,America/Los_Angeles,US,Simulation Done
a68fecc8-6a19-486f-a1fa-d08b68c85960,9feff5d5-f17a-4662-baf6-6314c6526a6a,prod-na,America/Los_Angeles,US,Simulation Done
bf12a659-f18e-4b28-9b28-4ae20cdc8334,d7210d47-3afb-479e-90d5-ddb05db92a5b,prod-na,America/Los_Angeles,US,Simulation Done
bf12a659-f18e-4b28-9b28-4ae20cdc8334,9feff5d5-f17a-4662-baf6-6314c6526a6a,prod-na,America/Los_Angeles,US,Simulation Done
cccde865-f5c2-43f0-b92e-1741c6cbca9e,d7210d47-3afb-479e-90d5-ddb05db92a5b,prod-na,America/Los_Angeles,US,No Simulation
cccde865-f5c2-43f0-b92e-1741c6cbca9e,9feff5d5-f17a-4662-baf6-6314c6526a6a,prod-na,America/Los_Angeles,US,No Simulation
cccde865-f5c2-43f0-b92e-1741c6cbca9e,b2ba1d89-7a3a-4f31-aa14-c82639ad4466,prod-na,America/New_York,US,Simulation Done
cccde865-f5c2-43f0-b92e-1741c6cbca9e,6e2ead32-ce9e-4ce4-a1c8-13436b5015ee,prod-na,America/Los_Angeles,US,No Simulation
cccde865-f5c2-43f0-b92e-1741c6cbca9e,10ba21a7-af98-47c9-a6eb-99e10d39dec8,ds,America/New_York,US,No Simulation
d4904639-69f6-4ce4-a3aa-1a9c2b9d7918,d7210d47-3afb-479e-90d5-ddb05db92a5b,prod-na,America/Los_Angeles,US,No Simulation
d4904639-69f6-4ce4-a3aa-1a9c2b9d7918,9feff5d5-f17a-4662-baf6-6314c6526a6a,prod-na,America/Los_Angeles,US,No Simulation
d4904639-69f6-4ce4-a3aa-1a9c2b9d7918,b2ba1d89-7a3a-4f31-aa14-c82639ad4466,prod-na,America/New_York,US,No Simulation
d4904639-69f6-4ce4-a3aa-1a9c2b9d7918,6e2ead32-ce9e-4ce4-a1c8-13436b5015ee,prod-na,America/Los_Angeles,US,No Simulation
d4904639-69f6-4ce4-a3aa-1a9c2b9d7918,10ba21a7-af98-47c9-a6eb-99e10d39dec8,ds,America/New_York,US,No Simulation
66621b41-e70b-47e7-ad7d-2d5e1f9c5e6b,d7210d47-3afb-479e-90d5-ddb05db92a5b,prod-na,America/Los_Angeles,US,Simulation Done
66621b41-e70b-47e7-ad7d-2d5e1f9c5e6b,9feff5d5-f17a-4662-baf6-6314c6526a6a,prod-na,America/Los_Angeles,US,Simulation Done
a68fecc8-6a19-486f-a1fa-d08b68c85960,d7210d47-3afb-479e-90d5-ddb05db92a5b,prod-na,America/Los_Angeles,US,Simulation Done
a68fecc8-6a19-486f-a1fa-d08b68c85960,9feff5d5-f17a-4662-baf6-6314c6526a6a,prod-na,America/Los_Angeles,US,Simulation Done
bf12a659-f18e-4b28-9b28-4ae20cdc8334,d7210d47-3afb-479e-90d5-ddb05db92a5b,prod-na,America/Los_Angeles,US,Simulation Done
bf12a659-f18e-4b28-9b28-4ae20cdc8334,9feff5d5-f17a-4662-baf6-6314c6526a6a,prod-na,America/Los_Angeles,US,Simulation Done
cccde865-f5c2-43f0-b92e-1741c6cbca9e,d7210d47-3afb-479e-90d5-ddb05db92a5b,prod-na,America/Los_Angeles,US,No Simulation
cccde865-f5c2-43f0-b92e-1741c6cbca9e,9feff5d5-f17a-4662-baf6-6314c6526a6a,prod-na,America/Los_Angeles,US,No Simulation
cccde865-f5c2-43f0-b92e-1741c6cbca9e,b2ba1d89-7a3a-4f31-aa14-c82639ad4466,prod-na,America/New_York,US,Simulation Done
cccde865-f5c2-43f0-b92e-1741c6cbca9e,6e2ead32-ce9e-4ce4-a1c8-13436b5015ee,prod-na,America/Los_Angeles,US,No Simulation
cccde865-f5c2-43f0-b92e-1741c6cbca9e,10ba21a7-af98-47c9-a6eb-99e10d39dec8,ds,America/New_York,US,No Simulation
d4904639-69f6-4ce4-a3aa-1a9c2b9d7918,d7210d47-3afb-479e-90d5-ddb05db92a5b,prod-na,America/Los_Angeles,US,No Simulation
d4904639-69f6-4ce4-a3aa-1a9c2b9d7918,9feff5d5-f17a-4662-baf6-6314c6526a6a,prod-na,America/Los_Angeles,US,No Simulation
d4904639-69f6-4ce4-a3aa-1a9c2b9d7918,b2ba1d89-7a3a-4f31-aa14-c82639ad4466,prod-na,America/New_York,US,No Simulation
d4904639-69f6-4ce4-a3aa-1a9c2b9d7918,6e2ead32-ce9e-4ce4-a1c8-13436b5015ee,prod-na,America/Los_Angeles,US,No Simulation
d4904639-69f6-4ce4-a3aa-1a9c2b9d7918,10ba21a7-af98-47c9-a6eb-99e10d39dec8,ds,America/New_York,US,No Simulation
66621b41-e70b-47e7-ad7d-2d5e1f9c5e6b,d7210d47-3afb-479e-90d5-ddb05db92a5b,prod-na,America/Los_Angeles,US,Simulation Done
66621b41-e70b-47e7-ad7d-2d5e1f9c5e6b,9feff5d5-f17a-4662-baf6-6314c6526a6a,prod-na,America/Los_Angeles,US,Simulation Done
66621b41-e70b-47e7-ad7d-2d5e1f9c5e6b,b2ba1d89-7a3a-4f31-aa14-c82639ad4466,prod-na,America/New_York,US,Simulation Done
66621b41-e70b-47e7-ad7d-2d5e1f9c5e6b,6e2ead32-ce9e-4ce4-a1c8-13436b5015ee,prod-na,America/Los_Angeles,US,Simulation Done
66621b41-e70b-47e7-ad7d-2d5e1f9c5e6b,10ba21a7-af98-47c9-a6eb-99e10d39dec8,ds,America/New_York,US,Simulation Done
a68fecc8-6a19-486f-a1fa-d08b68c85960,d7210d47-3afb-479e-90d5-ddb05db92a5b,prod-na,America/Los_Angeles,US,Simulation Done
a68fecc8-6a19-486f-a1fa-d08b68c85960,9feff5d5-f17a-4662-baf6-6314c6526a6a,prod-na,America/Los_Angeles,US,Simulation Done
a68fecc8-6a19-486f-a1fa-d08b68c85960,b2ba1d89-7a3a-4f31-aa14-c82639ad4466,prod-na,America/New_York,US,Simulation Done
a68fecc8-6a19-486f-a1fa-d08b68c85960,6e2ead32-ce9e-4ce4-a1c8-13436b5015ee,prod-na,America/Los_Angeles,US,Simulation Done
a68fecc8-6a19-486f-a1fa-d08b68c85960,10ba21a7-af98-47c9-a6eb-99e10d39dec8,ds,America/New_York,US,Simulation Done
bf12a659-f18e-4b28-9b28-4ae20cdc8334,d7210d47-3afb-479e-90d5-ddb05db92a5b,prod-na,America/Los_Angeles,US,Simulation Done
bf12a659-f18e-4b28-9b28-4ae20cdc8334,9feff5d5-f17a-4662-baf6-6314c6526a6a,prod-na,America/Los_Angeles,US,Simulation Done
bf12a659-f18e-4b28-9b28-4ae20cdc8334,b2ba1d89-7a3a-4f31-aa14-c82639ad4466,prod-na,America/New_York,US,Simulation Done
bf12a659-f18e-4b28-9b28-4ae20cdc8334,6e2ead32-ce9e-4ce4-a1c8-13436b5015ee,prod-na,America/Los_Angeles,US,Simulation Done
bf12a659-f18e-4b28-9b28-4ae20cdc8334,10ba21a7-af98-47c9-a6eb-99e10d39dec8,ds,America/New_York,US,Simulation Done
cccde865-f5c2-43f0-b92e-1741c6cbca9e,d7210d47-3afb-479e-90d5-ddb05db92a5b,prod-na,America/Los_Angeles,US,No Simulation
cccde865-f5c2-43f0-b92e-1741c6cbca9e,9feff5d5-f17a-4662-baf6-6314c6526a6a,prod-na,America/Los_Angeles,US,No Simulation
cccde865-f5c2-43f0-b92e-1741c6cbca9e,b2ba1d89-7a3a-4f31-aa14-c82639ad4466,prod-na,America/New_York,US,Simulation Done
cccde865-f5c2-43f0-b92e-1741c6cbca9e,6e2ead32-ce9e-4ce4-a1c8-13436b5015ee,prod-na,America/Los_Angeles,US,No Simulation
cccde865-f5c2-43f0-b92e-1741c6cbca9e,10ba21a7-af98-47c9-a6eb-99e10d39dec8,ds,America/New_York,US,No Simulation
d4904639-69f6-4ce4-a3aa-1a9c2b9d7918,d7210d47-3afb-479e-90d5-ddb05db92a5b,prod-na,America/Los_Angeles,US,No Simulation
d4904639-69f6-4ce4-a3aa-1a9c2b9d7918,9feff5d5-f17a-4662-baf6-6314c6526a6a,prod-na,America/Los_Angeles,US,No Simulation
d4904639-69f6-4ce4-a3aa-1a9c2b9d7918,b2ba1d89-7a3a-4f31-aa14-c82639ad4466,prod-na,America/New_York,US,No Simulation
d4904639-69f6-4ce4-a3aa-1a9c2b9d7918,6e2ead32-ce9e-4ce4-a1c8-13436b5015ee,prod-na,America/Los_Angeles,US,No Simulation
d4904639-69f6-4ce4-a3aa-1a9c2b9d7918,10ba21a7-af98-47c9-a6eb-99e10d39dec8,ds,America/New_York,US,No Simulation
66621b41-e70b-47e7-ad7d-2d5e1f9c5e6b,d7210d47-3afb-479e-90d5-ddb05db92a5b,prod-na,America/Los_Angeles,US,Simulation Done
66621b41-e70b-47e7-ad7d-2d5e1f9c5e6b,9feff5d5-f17a-4662-baf6-6314c6526a6a,prod-na,America/Los_Angeles,US,Simulation Done
66621b41-e70b-47e7-ad7d-2d5e1f9c5e6b,b2ba1d89-7a3a-4f31-aa14-c82639ad4466,prod-na,America/New_York,US,Simulation Done
66621b41-e70b-47e7-ad7d-2d5e1f9c5e6b,6e2ead32-ce9e-4ce4-a1c8-13436b5015ee,prod-na,America/Los_Angeles,US,Simulation Done
66621b41-e70b-47e7-ad7d-2d5e1f9c5e6b,10ba21a7-af98-47c9-a6eb-99e10d39dec8,ds,America/New_York,US,Simulation Done
a68fecc8-6a19-486f-a1fa-d08b68c85960,d7210d47-3afb-479e-90d5-ddb05db92a5b,prod-na,America/Los_Angeles,US,Simulation Done
a68fecc8-6a19-486f-a1fa-d08b68c85960,9feff5d5-f17a-4662-baf6-6314c6526a6a,prod-na,America/Los_Angeles,US,Simulation Done
a68fecc8-6a19-486f-a1fa-d08b68c85960,b2ba1d89-7a3a-4f31-aa14-c82639ad4466,prod-na,America/New_York,US,Simulation Done
a68fecc8-6a19-486f-a1fa-d08b68c85960,6e2ead32-ce9e-4ce4-a1c8-13436b5015ee,prod-na,America/Los_Angeles,US,Simulation Done
a68fecc8-6a19-486f-a1fa-d08b68c85960,10ba21a7-af98-47c9-a6eb-99e10d39dec8,ds,America/New_York,US,Simulation Done
bf12a659-f18e-4b28-9b28-4ae20cdc8334,d7210d47-3afb-479e-90d5-ddb05db92a5b,prod-na,America/Los_Angeles,US,Simulation Done
bf12a659-f18e-4b28-9b28-4ae20cdc8334,9feff5d5-f17a-4662-baf6-6314c6526a6a,prod-na,America/Los_Angeles,US,Simulation Done
bf12a659-f18e-4b28-9b28-4ae20cdc8334,b2ba1d89-7a3a-4f31-aa14-c82639ad4466,prod-na,America/New_York,US,Simulation Done
bf12a659-f18e-4b28-9b28-4ae20cdc8334,6e2ead32-ce9e-4ce4-a1c8-13436b5015ee,prod-na,America/Los_Angeles,US,Simulation Done
bf12a659-f18e-4b28-9b28-4ae20cdc8334,10ba21a7-af98-47c9-a6eb-99e10d39dec8,ds,America/New_York,US,Simulation Done
cccde865-f5c2-43f0-b92e-1741c6cbca9e,d7210d47-3afb-479e-90d5-ddb05db92a5b,prod-na,America/Los_Angeles,US,No Simulation
cccde865-f5c2-43f0-b92e-1741c6cbca9e,9feff5d5-f17a-4662-baf6-6314c6526a6a,prod-na,America/Los_Angeles,US,No Simulation
cccde865-f5c2-43f0-b92e-1741c6cbca9e,b2ba1d89-7a3a-4f31-aa14-c82639ad4466,prod-na,America/New_York,US,Simulation Done
cccde865-f5c2-43f0-b92e-1741c6cbca9e,6e2ead32-ce9e-4ce4-a1c8-13436b5015ee,prod-na,America/Los_Angeles,US,No Simulation
cccde865-f5c2-43f0-b92e-1741c6cbca9e,10ba21a7-af98-47c9-a6eb-99e10d39dec8,ds,America/New_York,US,No Simulation
d4904639-69f6-4ce4-a3aa-1a9c2b9d7918,d7210d47-3afb-479e-90d5-ddb05db92a5b,prod-na,America/Los_Angeles,US,No Simulation
d4904639-69f6-4ce4-a3aa-1a9c2b9d7918,9feff5d5-f17a-4662-baf6-6314c6526a6a,prod-na,America/Los_Angeles,US,No Simulation
d4904639-69f6-4ce4-a3aa-1a9c2b9d7918,b2ba1d89-7a3a-4f31-aa14-c82639ad4466,prod-na,America/New_York,US,No Simulation
d4904639-69f6-4ce4-a3aa-1a9c2b9d7918,6e2ead32-ce9e-4ce4-a1c8-13436b5015ee,prod-na,America/Los_Angeles,US,No Simulation
d4904639-69f6-4ce4-a3aa-1a9c2b9d7918,10ba21a7-af98-47c9-a6eb-99e10d39dec8,ds,America/New_York,US,No Simulation
